INSERT INTO restaurants(restaurant_id,restaurant_name,address) VALUES ('1',N'Carrot''s Food - Cơm Gà Online',N'25 Ngách 624/12 Minh Khai, P. Vĩnh Tuy,  Quận Hai Bà Trưng, Hà Nội');
INSERT INTO restaurants(restaurant_id,restaurant_name,address) VALUES ('2',N'Yobu - Cơm Gà & Sữa Chua',N'155 Trần Đại Nghĩa, P. Bách Khoa,  Quận Hai Bà Trưng, Hà Nội');
INSERT INTO restaurants(restaurant_id,restaurant_name,address) VALUES ('3',N'Chè Anh Đẹp Trai',N'102 Y9 Ngõ Tự Do, P. Đồng Tâm,  Quận Hai Bà Trưng, Hà Nội');
INSERT INTO restaurants(restaurant_id,restaurant_name,address) VALUES ('4',N'Chè Cung Đình Huế - Bạch Mai',N'327 Bạch Mai,  Quận Hai Bà Trưng, Hà Nội');
INSERT INTO restaurants(restaurant_id,restaurant_name,address) VALUES ('5',N'Phở Bò - Lê Đại Hành',N'33 Lê Đại Hành,  Quận Hai Bà Trưng, Hà Nội');
INSERT INTO restaurants(restaurant_id,restaurant_name,address) VALUES ('6',N'Phở Hiển Vinh - Phở Nước & Trộn Bò Gà',N'3 Ngõ 158 Hồng Mai, P. Bạch Mai,  Quận Hai Bà Trưng, Hà Nội');
INSERT INTO restaurants(restaurant_id,restaurant_name,address) VALUES ('7',N'Trà Sữa Tocotoco - Times City',N'Tầng Hầm 1,  K9-K10 Đường Thanh Niên, Tầng B1, Tòa T8, TTTM Times City, 458 Minh Khai, P. Vĩnh Tuy,  Quận Hai Bà Trưng, Hà Nội');
INSERT INTO restaurants(restaurant_id,restaurant_name,address) VALUES ('8',N'Trà Bí Đao Thanh Nhàn - Trà Bí Đao - Minh Khai',N'448 Minh Khai, P. Vĩnh Tuy,  Quận Hai Bà Trưng, Hà Nội');
INSERT INTO restaurants(restaurant_id,restaurant_name,address) VALUES ('9',N'Xôi Thưởng 88 - Xôi Phú Thượng - 83 Mạc Thị Bưởi',N'83 Mạc Thị Bưởi, P. Vĩnh Tuy,  Quận Hai Bà Trưng, Hà Nội');
INSERT INTO restaurants(restaurant_id,restaurant_name,address) VALUES ('10',N'Xôi Yến - Bách Khoa',N'106 K2 Ngõ 48 Tạ Quang Bửu, P. Bách Khoa,  Quận Hai Bà Trưng, Hà Nội');



INSERT INTO menu(menu_id, item_name,price,restaurant_id) VALUES (1,N'Cơm Bò Nướng',40000,1);
INSERT INTO menu(menu_id, item_name,price,restaurant_id) VALUES (2,N'Cơm Gà Nướng',40000,1);
INSERT INTO menu(menu_id, item_name,price,restaurant_id) VALUES (3,N'Cơm Thịt Heo Nướng',40000,1);
INSERT INTO menu(menu_id, item_name,price,restaurant_id) VALUES (4,N'Trứng Ốp La',12000,1);
INSERT INTO menu(menu_id, item_name,price,restaurant_id) VALUES (5,N'Trà Quất Nha Đam',12000,1);
INSERT INTO menu(menu_id, item_name,price,restaurant_id) VALUES (6,N'Bún Trộn Bò+ Nem Nướng',40000,1);
INSERT INTO menu(menu_id, item_name,price,restaurant_id) VALUES (7,N'Bún Trộn Nem Nướng',40000,1);
INSERT INTO menu(menu_id, item_name,price,restaurant_id) VALUES (8,N'Bún Trộn Nem Nướng+ Xúc Xích',40000,1);
INSERT INTO menu(menu_id, item_name,price,restaurant_id) VALUES (9,N'Bún Trộn Nem Nướng+ Chả Giò+ Xúc Xích',50000,1);
INSERT INTO menu(menu_id, item_name,price,restaurant_id) VALUES (10,N'Bún Trộn Chả Giò+ Nem Nướng',40000,1);
INSERT INTO menu(menu_id, item_name,price,restaurant_id) VALUES (11,N'Cơm Gà Teriyaki',51000,2);
INSERT INTO menu(menu_id, item_name,price,restaurant_id) VALUES (12,N'Cơm Gà Sốt Tiêu Đen - Lớn',55000,2);
INSERT INTO menu(menu_id, item_name,price,restaurant_id) VALUES (13,N'Cơm Gà Sốt Me - Lớn',55000,2);
INSERT INTO menu(menu_id, item_name,price,restaurant_id) VALUES (14,N'Bánh Mỳ Gà',25000,2);
INSERT INTO menu(menu_id, item_name,price,restaurant_id) VALUES (15,N'Cơm Gà Chiên Mắm Tỏi - Lớn',55000,2);
INSERT INTO menu(menu_id, item_name,price,restaurant_id) VALUES (16,N'Hồng Trà Quất',12000,2);
INSERT INTO menu(menu_id, item_name,price,restaurant_id) VALUES (17,N'Cam Carot',25000,2);
INSERT INTO menu(menu_id, item_name,price,restaurant_id) VALUES (18,N'Ổi Ép',25000,2);
INSERT INTO menu(menu_id, item_name,price,restaurant_id) VALUES (19,N'Chanh Bạc Hà',20000,2);
INSERT INTO menu(menu_id, item_name,price,restaurant_id) VALUES (20,N'Cam Ép',25000,2);
INSERT INTO menu(menu_id, item_name,price,restaurant_id) VALUES (21,N'Chè Thập Cẩm',19000,3);
INSERT INTO menu(menu_id, item_name,price,restaurant_id) VALUES (22,N'Siêu Bưởi - Cốm Lá Nếp Cốt Dừa',22000,3);
INSERT INTO menu(menu_id, item_name,price,restaurant_id) VALUES (23,N'Hoa Quả Trân Châu Cốt Dừa',19000,3);
INSERT INTO menu(menu_id, item_name,price,restaurant_id) VALUES (24,N'Caramen Cốt Dừa Trân Châu',22000,3);
INSERT INTO menu(menu_id, item_name,price,restaurant_id) VALUES (25,N'Sữa Chua Hoa Quả',19000,3);
INSERT INTO menu(menu_id, item_name,price,restaurant_id) VALUES (26,N'Sữa Chua Mít',19000,3);
INSERT INTO menu(menu_id, item_name,price,restaurant_id) VALUES (27,N'Sữa Chua Trân Châu Cốt Dừa',19000,3);
INSERT INTO menu(menu_id, item_name,price,restaurant_id) VALUES (28,N'Caramen Mít Trân Châu',22000,3);
INSERT INTO menu(menu_id, item_name,price,restaurant_id) VALUES (29,N'Caramen Hoa Quả',22000,3);
INSERT INTO menu(menu_id, item_name,price,restaurant_id) VALUES (30,N'Sữa Chua Xoài Trân Châu',19000,3);
INSERT INTO menu(menu_id, item_name,price,restaurant_id) VALUES (31,N'Chè Thập Cẩm',25000,4);
INSERT INTO menu(menu_id, item_name,price,restaurant_id) VALUES (32,N'Chè Bưởi',25000,4);
INSERT INTO menu(menu_id, item_name,price,restaurant_id) VALUES (33,N'Chè Thái Sầu Riêng',32000,4);
INSERT INTO menu(menu_id, item_name,price,restaurant_id) VALUES (34,N'Sữa Chua Mít Xoài',25000,4);
INSERT INTO menu(menu_id, item_name,price,restaurant_id) VALUES (35,N'Chè Thái',25000,4);
INSERT INTO menu(menu_id, item_name,price,restaurant_id) VALUES (36,N'Chè Đậu Đỏ',25000,4);
INSERT INTO menu(menu_id, item_name,price,restaurant_id) VALUES (37,N'Chè Khoai Môn Cốm',25000,4);
INSERT INTO menu(menu_id, item_name,price,restaurant_id) VALUES (38,N'Chè Bánh Trôi Nước',25000,4);
INSERT INTO menu(menu_id, item_name,price,restaurant_id) VALUES (39,N'Chè Hạt Sen',27000,4);
INSERT INTO menu(menu_id, item_name,price,restaurant_id) VALUES (40,N'Chè Thập Cẩm Trái Cây',25000,4);
INSERT INTO menu(menu_id, item_name,price,restaurant_id) VALUES (41,N'Cơm Rang Dưa Bò',55000,5);
INSERT INTO menu(menu_id, item_name,price,restaurant_id) VALUES (42,N'Mỳ Xào Cải Bò',55000,5);
INSERT INTO menu(menu_id, item_name,price,restaurant_id) VALUES (43,N'Cơm Rang Thập Cẩm',55000,5);
INSERT INTO menu(menu_id, item_name,price,restaurant_id) VALUES (44,N'Cơm Rang Cải bò',55000,5);
INSERT INTO menu(menu_id, item_name,price,restaurant_id) VALUES (45,N'Phở Tái Chín',50000,5);
INSERT INTO menu(menu_id, item_name,price,restaurant_id) VALUES (46,N'Phở Nạm Gầu',50000,5);
INSERT INTO menu(menu_id, item_name,price,restaurant_id) VALUES (47,N'Phở Xào',55000,5);
INSERT INTO menu(menu_id, item_name,price,restaurant_id) VALUES (48,N'Phở Tái Nạm',50000,5);
INSERT INTO menu(menu_id, item_name,price,restaurant_id) VALUES (49,N'Phở Bắp Gầu',75000,5);
INSERT INTO menu(menu_id, item_name,price,restaurant_id) VALUES (50,N'Phở Tái Lăn',55000,5);
INSERT INTO menu(menu_id, item_name,price,restaurant_id) VALUES (51,N'Phở Gà Trộn Đùi',45000,6);
INSERT INTO menu(menu_id, item_name,price,restaurant_id) VALUES (52,N'Phở Gà Trộn Cánh',40000,6);
INSERT INTO menu(menu_id, item_name,price,restaurant_id) VALUES (53,N'Phở Trộn Chân Gà Rút Xương',35000,6);
INSERT INTO menu(menu_id, item_name,price,restaurant_id) VALUES (54,N'Phở Gà Trộn Sống Lưng',40000,6);
INSERT INTO menu(menu_id, item_name,price,restaurant_id) VALUES (55,N'Coca',12000,6);
INSERT INTO menu(menu_id, item_name,price,restaurant_id) VALUES (56,N'Phở gà trộn lẫn',35000,6);
INSERT INTO menu(menu_id, item_name,price,restaurant_id) VALUES (57,N'Phở gà trộn lườn',35000,6);
INSERT INTO menu(menu_id, item_name,price,restaurant_id) VALUES (58,N'Phở Gà Lườn',35000,6);
INSERT INTO menu(menu_id, item_name,price,restaurant_id) VALUES (59,N'Quẩy',5000,6);
INSERT INTO menu(menu_id, item_name,price,restaurant_id) VALUES (60,N'Phở Gà Đùi',45000,6);
INSERT INTO menu(menu_id, item_name,price,restaurant_id) VALUES (61,N'Trà Sữa Trân Châu Hoàng Gia',39100,7);
INSERT INTO menu(menu_id, item_name,price,restaurant_id) VALUES (62,N'Trà Sữa Kim Cương Đen Okinawa',39100,7);
INSERT INTO menu(menu_id, item_name,price,restaurant_id) VALUES (63,N'Trà Sữa Hạnh Phúc',39100,7);
INSERT INTO menu(menu_id, item_name,price,restaurant_id) VALUES (64,N'Mua 1 Tặng 1 - Instant Milktea',56000,7);
INSERT INTO menu(menu_id, item_name,price,restaurant_id) VALUES (65,N'Trà sữa ToCoToCo vị Truyền thống',20700,7);
INSERT INTO menu(menu_id, item_name,price,restaurant_id) VALUES (66,N'Trà sữa ToCoToCo vị Dâu',22500,7);
INSERT INTO menu(menu_id, item_name,price,restaurant_id) VALUES (67,N'Set 6 ly - Trà sữa ToCoToCo vị Dâu',139500,7);
INSERT INTO menu(menu_id, item_name,price,restaurant_id) VALUES (68,N'Set 6 ly  - Trà sữa ToCoToCo vị Truyền thống',129600,7);
INSERT INTO menu(menu_id, item_name,price,restaurant_id) VALUES (69,N'Trà Sữa Cùng Chill - Cay tê cực mê',65000,7);
INSERT INTO menu(menu_id, item_name,price,restaurant_id) VALUES (70,N'Combo 2 Trà sữa trân châu hoàng gia (1M + 1L)',98000,7);
INSERT INTO menu(menu_id, item_name,price,restaurant_id) VALUES (71,N'Trà Bí đao sương sáo - Hạt chia - 3Q',20000,8);
INSERT INTO menu(menu_id, item_name,price,restaurant_id) VALUES (72,N'Trà Bí đao trân châu truyền thống',20000,8);
INSERT INTO menu(menu_id, item_name,price,restaurant_id) VALUES (73,N'Trà sữa nướng (YIHEKAONAI)',39000,8);
INSERT INTO menu(menu_id, item_name,price,restaurant_id) VALUES (74,N'Trà sữa trân châu trắng',29000,8);
INSERT INTO menu(menu_id, item_name,price,restaurant_id) VALUES (75,N'Trà sữa trân châu đường đen',34000,8);
INSERT INTO menu(menu_id, item_name,price,restaurant_id) VALUES (76,N'Trà sữa nướng (Alishan)',34000,8);
INSERT INTO menu(menu_id, item_name,price,restaurant_id) VALUES (77,N'Trà sữa 3 anh em',34000,8);
INSERT INTO menu(menu_id, item_name,price,restaurant_id) VALUES (78,N'Trà sữa Pudding',29000,8);
INSERT INTO menu(menu_id, item_name,price,restaurant_id) VALUES (79,N'Trà sữa Hoa quả đặc biệt',34000,8);
INSERT INTO menu(menu_id, item_name,price,restaurant_id) VALUES (80,N'Trà sữa đậu đỏ - Matcha',34000,8);
INSERT INTO menu(menu_id, item_name,price,restaurant_id) VALUES (81,N'Xôi xéo + 3 chỉ + trứng kho',40000,9);
INSERT INTO menu(menu_id, item_name,price,restaurant_id) VALUES (82,N'Xôi xéo+ ruốc',25000,9);
INSERT INTO menu(menu_id, item_name,price,restaurant_id) VALUES (83,N'Xôii xéo + gà nấm+pate',40000,9);
INSERT INTO menu(menu_id, item_name,price,restaurant_id) VALUES (84,N'Xôi xéo + ruốc + chả mỡ',30000,9);
INSERT INTO menu(menu_id, item_name,price,restaurant_id) VALUES (85,N'Xôi xéo + gà nấm',35000,9);
INSERT INTO menu(menu_id, item_name,price,restaurant_id) VALUES (86,N'Xôi xéo + 3 chỉ+ pate',45000,9);
INSERT INTO menu(menu_id, item_name,price,restaurant_id) VALUES (87,N'Xôi xéo + gà nấm+  chả mỡ',40000,9);
INSERT INTO menu(menu_id, item_name,price,restaurant_id) VALUES (88,N'Xôi xéo + 3 chỉ kho',35000,9);
INSERT INTO menu(menu_id, item_name,price,restaurant_id) VALUES (89,N'Xôi xéo + ruốc + giò',30000,9);
INSERT INTO menu(menu_id, item_name,price,restaurant_id) VALUES (90,N'Xôi xéo + gà nấm + ruốc',40000,9);
INSERT INTO menu(menu_id, item_name,price,restaurant_id) VALUES (91,N'Xôi Gà Xào + 01 Coca-Cola',42000,10);
INSERT INTO menu(menu_id, item_name,price,restaurant_id) VALUES (92,N'Xôi Pate + 01 Coca-Cola',40000,10);
INSERT INTO menu(menu_id, item_name,price,restaurant_id) VALUES (93,N'Coca-Cola lẻ',12750,10);
INSERT INTO menu(menu_id, item_name,price,restaurant_id) VALUES (94,N'02 Combo Xôi Thập Cẩm + 02 Coca-Cola',90000,10);
INSERT INTO menu(menu_id, item_name,price,restaurant_id) VALUES (95,N'02 Combo Xôi Ruốc Gà + 02 Coca-Cola',80000,10);
INSERT INTO menu(menu_id, item_name,price,restaurant_id) VALUES (96,N'02 Coca-Cola lẻ',25500,10);
INSERT INTO menu(menu_id, item_name,price,restaurant_id) VALUES (97,N'Coca-Cola chỉ 1Đ',1,10);
INSERT INTO menu(menu_id, item_name,price,restaurant_id) VALUES (98,N'Xôi Gà Xào + 01 Coca-Cola',42000,10);
INSERT INTO menu(menu_id, item_name,price,restaurant_id) VALUES (99,N'Xôi Pate + 01 Coca-Cola',40000,10);
INSERT INTO menu(menu_id, item_name,price,restaurant_id) VALUES (100,N'Coca-Cola lẻ',12750,10);

INSERT INTO customers(customer_id, customer_name, phone_number, email, password) VALUES (1,'Nguyễn Thanh An', 0945881905, 'hoangvanthanh.hson@gmail.com', 123456);
INSERT INTO customers(customer_id, customer_name, phone_number, email, password) VALUES (2,'Thái Nữ Bình An', 0941237585, 'ngochieu88@gmail.com', 123456);
INSERT INTO customers(customer_id, customer_name, phone_number, email, password) VALUES (3,'Trần Thị Mỹ An', 0966372385, 'linhkb6789@gmail.com', 123456);
INSERT INTO customers(customer_id, customer_name, phone_number, email, password) VALUES (4,'Bùi Thị Nguyên Anh', 0365722364, 'nguyenanh@gmail.com', 123456);
INSERT INTO customers(customer_id, customer_name, phone_number, email, password) VALUES (5,'Châu Ngọc Thạch Anh', 0374799681, 'thoa01dhl@gmail.com', 123456);
INSERT INTO customers(customer_id, customer_name, phone_number, email, password) VALUES (6,'Đinh Thị Bích Anh', 0919723524, 'phunghungtanh@gmail.com', 123456);
INSERT INTO customers(customer_id, customer_name, phone_number, email, password) VALUES (7,'Đỗ Thị Yến Anh', 0838428972, 'lephuong.ght@gmail.com', 123456);
INSERT INTO customers(customer_id, customer_name, phone_number, email, password) VALUES (8,'Lê Kim Anh', 0944287082, 'emilynhan90@gmail.com', 123456);
INSERT INTO customers(customer_id, customer_name, phone_number, email, password) VALUES (9,'Lê Mai Hoàng Anh', 0919962618, 'manhtuan161180@gmail.com', 123456);
INSERT INTO customers(customer_id, customer_name, phone_number, email, password) VALUES (10,'Lê Ngọc Anh', 0918431354, 'jy.vn01@gmail.com', 123456);
INSERT INTO customers(customer_id, customer_name, phone_number, email, password) VALUES (11,'Lê Thanh Vân Anh', 0913428029, 'baothienlongbv@gmail.com', 123456);
INSERT INTO customers(customer_id, customer_name, phone_number, email, password) VALUES (12,'Lê Thị Anh', 0372528069, 'camhongbd91@gmail.com', 123456);
INSERT INTO customers(customer_id, customer_name, phone_number, email, password) VALUES (13,'Lê Thị Lan Anh', 0937275479, 'xuanquyet88@gmail.com', 123456);
INSERT INTO customers(customer_id, customer_name, phone_number, email, password) VALUES (14,'Lê Thị Ngọc Anh', 0949456367, 'nguyensaomai123@gmail.com', 123456);
INSERT INTO customers(customer_id, customer_name, phone_number, email, password) VALUES (15,'Ngô Thị Thi Anh', 0984268465, 'nguyenson3879@gmail.com', 123456);
INSERT INTO customers(customer_id, customer_name, phone_number, email, password) VALUES (16,'Nguyễn Phạm Thùy Anh', 0916768345, 'lethu.qhqt.k12a.2012@gmail.com', 123456);
INSERT INTO customers(customer_id, customer_name, phone_number, email, password) VALUES (17,'Nguyễn Thị Ngọc Anh', 0919988672, 'nhung.hou91@gmail.com', 123456);
INSERT INTO customers(customer_id, customer_name, phone_number, email, password) VALUES (18,'Phạm Ngọc Anh', 0388337737, 'nghiadangvn.info@gmail.com', 123456);
INSERT INTO customers(customer_id, customer_name, phone_number, email, password) VALUES (19,'Phan Thị Hà Anh', 0948829762, 'haphan@gmail.com', 123456);
INSERT INTO customers(customer_id, customer_name, phone_number, email, password) VALUES (20,'Phan Thị Minh Anh', 0989761123, 'minhanhphan@gmail.com', 123456);
INSERT INTO customers(customer_id, customer_name, phone_number, email, password) VALUES (21,'Trần Thị Quỳnh Anh', 0914520386, 'phuongnguyen@gmail.com', 123456);
INSERT INTO customers(customer_id, customer_name, phone_number, email, password) VALUES (22,'Trương Thị Kiều Anh', 0969015354, 'huy.vohuu@gmail.com', 123456);
INSERT INTO customers(customer_id, customer_name, phone_number, email, password) VALUES (23,'Lê Thị Ngọc Ánh', 0902321957, 'ngocanhle@gmail.com', 123456);
INSERT INTO customers(customer_id, customer_name, phone_number, email, password) VALUES (24,'Nguyễn Thị Ngọc Ánh', 0912927357, 'lethilequyen@gmail.com', 123456);
INSERT INTO customers(customer_id, customer_name, phone_number, email, password) VALUES (25,'Thái Thùy Ân', 0903263089, 'levietminh2010@gmail.com', 123456);
INSERT INTO customers(customer_id, customer_name, phone_number, email, password) VALUES (26,'Hồ Thị Bé', 0903459289, 'hothibe@gmail.com', 123456);
INSERT INTO customers(customer_id, customer_name, phone_number, email, password) VALUES (27,'Đỗ Văn Biển', 0129837868, 'bienvando@gmail.com', 123456);
INSERT INTO customers(customer_id, customer_name, phone_number, email, password) VALUES (28,'Lê Ngọc Bình', 0122241664, 'lislindotcom@gmail.com', 123456);
INSERT INTO customers(customer_id, customer_name, phone_number, email, password) VALUES (29,'Phan Ngọc Thanh Bình', 0982294299, 'tuancuongpccc@gmail.com', 123456);
INSERT INTO customers(customer_id, customer_name, phone_number, email, password) VALUES (30,'Kiều Bích', 0906159915, 'bickieu8@gmail.com', 123456);
INSERT INTO customers(customer_id, customer_name, phone_number, email, password) VALUES (31,'Nguyễn Thị Ngọc Bích', 0904317584, 'ngocbich@gmail.com', 123456);
INSERT INTO customers(customer_id, customer_name, phone_number, email, password) VALUES (32,'Hoàng Lê Nhã Ca', 0913300978, 'nhacahoang@gmail.com', 123456);
INSERT INTO customers(customer_id, customer_name, phone_number, email, password) VALUES (33,'Dương Hoàng Lâm Châu', 0904311222, 'nhansumythuatnhaviet@gmail.com', 123456);
INSERT INTO customers(customer_id, customer_name, phone_number, email, password) VALUES (34,'Nguyễn Thị Minh Châu', 0904236822, 'tuyendung.vjqc@gmail.com', 123456);
INSERT INTO customers(customer_id, customer_name, phone_number, email, password) VALUES (35,'Trần Thị Phúc Châu', 0972408407, 'phungthehung@gmail.com', 123456);
INSERT INTO customers(customer_id, customer_name, phone_number, email, password) VALUES (36,'Đặng Thị Kim Chi', 0945345354, 'hoanglonghai@gmail.com', 123456);
INSERT INTO customers(customer_id, customer_name, phone_number, email, password) VALUES (37,'Hồ Khánh Chi', 0326567867, 'nguyenmanhhung73@gmail.com', 123456);
INSERT INTO customers(customer_id, customer_name, phone_number, email, password) VALUES (38,'Trần Song Linh Chi', 0954797953, 'linhchi@gmail.com', 123456);
INSERT INTO customers(customer_id, customer_name, phone_number, email, password) VALUES (39,'Trần Thị Cẩm Chi', 0984206126, 'camchi@gmail.com', 123456);
INSERT INTO customers(customer_id, customer_name, phone_number, email, password) VALUES (40,'Trịnh Thị Chi', 0934651766, 'trinhchi@gmail.com', 123456);
INSERT INTO customers(customer_id, customer_name, phone_number, email, password) VALUES (41,'Ông Bảo Anh Chiêu', 01685897371, 'chieuong@gmail.com', 123456);
INSERT INTO customers(customer_id, customer_name, phone_number, email, password) VALUES (42,'Văn Thị Chí', 0904020211, 'vanchi@gmail.com', 123456);
INSERT INTO customers(customer_id, customer_name, phone_number, email, password) VALUES (43,'Cao Thị Chung', 0912306199, 'caochung@gmail.com', 123456);
INSERT INTO customers(customer_id, customer_name, phone_number, email, password) VALUES (44,'Hồ Thị Diễm', 0903902290, 'diemhothi@gmail.com', 123456);
INSERT INTO customers(customer_id, customer_name, phone_number, email, password) VALUES (45,'Nguyễn Thị Diễm', 0904183670, 'nguyendiem@gmail.com', 123456);
INSERT INTO customers(customer_id, customer_name, phone_number, email, password) VALUES (46,'Nguyễn Thị Phương Diễm', 0983885168, 'phuongdiem@gmail.com', 123456);
INSERT INTO customers(customer_id, customer_name, phone_number, email, password) VALUES (47,'Trần Thị Diễm', 0913240014, 'trandiem@gmail.com', 123456);
INSERT INTO customers(customer_id, customer_name, phone_number, email, password) VALUES (48,'Đoàn Nhật Dương', 0979838698, 'doanduong@gmail.com', 123456);
INSERT INTO customers(customer_id, customer_name, phone_number, email, password) VALUES (49,'Đoàn Thị Thùy Dương', 0912833505, 'thuyduong@gmail.com', 123456);
INSERT INTO customers(customer_id, customer_name, phone_number, email, password) VALUES (50,'Nguyễn Thùy Dương', 0966778819, 'ngduongthuy@gmail.com', 123456);
INSERT INTO customers(customer_id, customer_name, phone_number, email, password) VALUES (51,'Bùi Phương Dung', 093171962, 'buiphdung@gmail.com', 123456);
INSERT INTO customers(customer_id, customer_name, phone_number, email, password) VALUES (52,'Cao Thị Khánh Dung', 0914375689, 'caokhanhdung@gmail.com', 123456);
INSERT INTO customers(customer_id, customer_name, phone_number, email, password) VALUES (53,'Hoàng Phương Dung', 0912782244, 'hoangphuongdung@gmail.com', 123456);
INSERT INTO customers(customer_id, customer_name, phone_number, email, password) VALUES (54,'Lê Thị Thuỳ Dung', 0912668224, 'ledung@gmail.com', 123456);
INSERT INTO customers(customer_id, customer_name, phone_number, email, password) VALUES (55,'Ngô Tuấn Phương Dung', 0912311079, 'ngotpdung@gmail.com', 123456);
INSERT INTO customers(customer_id, customer_name, phone_number, email, password) VALUES (56,'Nguyễn Thị Bảo Hà', 0909119658, 'ngtbh@gmail.com', 123456);
INSERT INTO customers(customer_id, customer_name, phone_number, email, password) VALUES (57,'Nguyễn Thị Ngân Hà', 0906271202, 'ntnganha@gmail.com', 123456);
INSERT INTO customers(customer_id, customer_name, phone_number, email, password) VALUES (58,'Phạm Ngọc Hà', 0904163352, 'ngocha@gmail.com', 123456);
INSERT INTO customers(customer_id, customer_name, phone_number, email, password) VALUES (59,'Bùi Thị Minh Hiền', 0913005356, 'buihien@gmail.com', 123456);
INSERT INTO customers(customer_id, customer_name, phone_number, email, password) VALUES (60,'Nguyễn Thị Hiền', 0935151177, 'hiennguyen@gmail.com', 123456);
INSERT INTO customers(customer_id, customer_name, phone_number, email, password) VALUES (61,'Trần Thị Thu Hiền', 0916951970, 'tranthithuhien@gmail.com', 123456);
INSERT INTO customers(customer_id, customer_name, phone_number, email, password) VALUES (62,'Nguyễn Văn Hưng', 0983669921, 'nguyenhung@gmail.com', 123456);
INSERT INTO customers(customer_id, customer_name, phone_number, email, password) VALUES (63,'Bùi Thị Hương', 0913550871, 'buihuong123@gmail.com', 123456);
INSERT INTO customers(customer_id, customer_name, phone_number, email, password) VALUES (64,'Đỗ Thị Hương', 0965117577, 'huongdth@gmail.com', 123456);
INSERT INTO customers(customer_id, customer_name, phone_number, email, password) VALUES (65,'Mai Thị Hương', 0989304825, 'maihuong0102@gmail.com', 123456);
INSERT INTO customers(customer_id, customer_name, phone_number, email, password) VALUES (66,'Nguyễn Lan Hương', 0129774265, 'nglanhuong@gmail.com', 123456);
INSERT INTO customers(customer_id, customer_name, phone_number, email, password) VALUES (67,'Huỳnh Trương Huy', 0904321700, 'truonghuy2203@gmail.com', 123456);
INSERT INTO customers(customer_id, customer_name, phone_number, email, password) VALUES (68,'Võ Quang Đức Huy', 0902210781, 'vohuy0603@gmail.com', 123456);
INSERT INTO customers(customer_id, customer_name, phone_number, email, password) VALUES (69,'Đoàn Thị Thu Huyền', 0912479960, 'doanhuyen02@gmail.com', 123456);
INSERT INTO customers(customer_id, customer_name, phone_number, email, password) VALUES (70,'Nguyễn Thị Huyền', 0915140507, 'huyen99@gmail.com', 123456);
INSERT INTO customers(customer_id, customer_name, phone_number, email, password) VALUES (71,'Nguyễn Thị Diễm Huỳnh', 0985023327, 'diemhuynhng@gmail.com', 123456);
INSERT INTO customers(customer_id, customer_name, phone_number, email, password) VALUES (72,'Nguyễn Thị Hồng Khánh', 0989029985, 'hongkhanh0203@gmail.com', 123456);
INSERT INTO customers(customer_id, customer_name, phone_number, email, password) VALUES (73,'Đặng Thị Kiều', 0983926021, 'kieudang023@gmail.com', 123456);
INSERT INTO customers(customer_id, customer_name, phone_number, email, password) VALUES (74,'Phạm Gia My', 0982002787, 'phamgiamy2503@gmail.com', 123456);
INSERT INTO customers(customer_id, customer_name, phone_number, email, password) VALUES (75,'Nguyễn Tiến Nam', 0973529357, 'tiennamng@gmail.com', 123456);
INSERT INTO customers(customer_id, customer_name, phone_number, email, password) VALUES (76,'Nguyễn Thị Nga', 0904902487, 'nganguyn0703@gmail.com', 123456);
INSERT INTO customers(customer_id, customer_name, phone_number, email, password) VALUES (77,'Nguyễn Trúc Nhi', 0972322150, 'ngtrucnhi@gmail.com', 123456);
INSERT INTO customers(customer_id, customer_name, phone_number, email, password) VALUES (78,'Ngô Nguyên Thảo', 01649587982, 'ngonguyenthao2252@gmail.com', 123456);
INSERT INTO customers(customer_id, customer_name, phone_number, email, password) VALUES (79,'Lê Viết Vọng', 01694505409, 'levong05@gmail.com', 123456);
INSERT INTO customers(customer_id, customer_name, phone_number, email, password) VALUES (80,'Vũ Trường Xuân', 0945881905, 'xuanvt@gmail.com', 123456);

INSERT INTO customer_payment (payment_id, customer_id, payment_type)	
VALUES	
(1, 1, 'momo'),	
(2, 2, 'ibanking'),	
(3, 3, 'momo'),	
(4, 4, 'ibanking'),	
(5, 5, 'ibanking'),	
(6, 6, 'ibanking'),	
(7, 7, 'zalopay'),	
(8, 8, 'cash'),	
(9, 9, 'ibanking'),	
(10, 10, 'cash'),	
(11, 11, 'ibanking'),	
(12, 12, 'zalopay'),	
(13, 13, 'momo'),	
(14, 14, 'momo'),	
(15, 15, 'momo'),	
(16, 16, 'ibanking'),	
(17, 17, 'zalopay'),	
(18, 18, 'momo'),	
(19, 19, 'momo'),	
(20, 20, 'ibanking'),	
(21, 21, 'momo'),	
(22, 22, 'zalopay'),	
(23, 23, 'momo'),	
(24, 24, 'zalopay'),	
(25, 25, 'ibanking'),	
(26, 26, 'momo'),	
(27, 27, 'cash'),	
(28, 28, 'ibanking'),	
(29, 29, 'zalopay'),	
(30, 30, 'ibanking'),	
(31, 31, 'ibanking'),	
(32, 32, 'cash'),	
(33, 33, 'cash'),	
(34, 34, 'ibanking'),	
(35, 35, 'momo'),	
(36, 36, 'cash'),	
(37, 37, 'momo'),	
(38, 38, 'zalopay'),	
(39, 39, 'zalopay'),	
(40, 40, 'ibanking'),	
(41, 41, 'zalopay'),	
(42, 42, 'cash'),	
(43, 43, 'zalopay'),	
(44, 44, 'zalopay'),	
(45, 45, 'zalopay'),	
(46, 46, 'momo'),	
(47, 47, 'ibanking'),	
(48, 48, 'momo'),	
(49, 49, 'ibanking'),	
(50, 50, 'zalopay'),	
(51, 51, 'ibanking'),	
(52, 52, 'zalopay'),	
(53, 53, 'zalopay'),	
(54, 54, 'momo'),	
(55, 55, 'momo'),	
(56, 56, 'cash'),	
(57, 57, 'ibanking'),	
(58, 58, 'ibanking'),	
(59, 59, 'cash'),	
(60, 60, 'momo'),	
(61, 61, 'cash'),	
(62, 62, 'ibanking'),	
(63, 63, 'cash'),	
(64, 64, 'zalopay'),	
(65, 65, 'cash'),	
(66, 66, 'ibanking'),	
(67, 67, 'momo'),	
(68, 68, 'cash'),	
(69, 69, 'momo'),	
(70, 70, 'ibanking'),	
(71,71,	'momo'),
(72,72,	'cash'),
(73,73, 'zalopay'),	
(74,74,	'cash'),
(75,75,	'cash'),
(76,76,	'cash'),
(77,77,	'zalopay'),
(78,78,	'zalopay'),
(79,79,	'ibanking'),
(80,80,	'cash');